x1,x2,objective_val
00101100010,01010101100,0.032
00101100110,01010101100,0.018
00101100110,01010101000,0.024
00111100111,01111010111,-1.365
00010101111,00111010111,-0.741
01110101111,01110111000,-1.987
01110111111,01010100011,-1.127
01110111111,01010001011,-0.998
01110111111,01010001011,-0.998
01011000001,11110001011,-0.121
01101011011,11110000010,-22.458
01111011011,11110000010,-1.746
01011011011,11100000000,-0.088
01011011011,10100001000,-0.219
01111011011,11101000001,-1.662
01111011010,11101000001,-1.631
10110010011,10101000001,-6.417
01111011110,10101001011,-1.874
10110010011,11101001000,-0.257
00110011011,11101001010,-0.113
00111011111,11101001001,0.182
01101011010,10101101010,0.136
01100001011,00000101001,-0.986
01110000110,10001101001,-0.691
01110000010,10000101001,-0.998
01010000010,10000101110,-0.144
01100001011,10011101000,-0.468
01111011010,10100101000,-1.761
00000100011,10101101000,0.087
10011011010,11101101000,-1.641
10011011010,11101101010,-1.574
10110000111,11100000110,0.017
10011010010,01100001110,-0.13
10111110011,10110011010,-0.057
10111110010,10110010010,-0.032
01010001111,11101001101,-0.451
01010001111,11101101001,-0.326
01010111110,11110100001,-0.147
01010111100,11111000111,-0.192
01010111100,11111000101,-0.189
11010111100,11001000100,-0.688
11010111100,11001001111,-0.876
11010111100,11001001111,-0.876
11000111000,10101001111,-0.033
10100110100,00101001111,-0.105
10100110100,00101001111,-0.105
11001010100,11001110010,0.007
11100110110,00001001000,-0.872
11001011100,01001010010,-0.001
10001110110,10001001000,0.048
10001110110,10011010000,-0.034
01000010110,10111010001,-0.061
10010010100,10111010100,-0.441
10000010100,10010111001,-1.461
10000010100,10001110100,-1.051
10000010110,00001110100,-0.649
01010110100,00001110000,-0.13
10100000110,00100111011,0.149
10100000100,00111010011,-0.25
11110000100,00111010011,-0.103
01010110010,00100010011,-0.123
01110010100,00110110001,-1.021
11000110010,10110110001,-0.098
01110011100,10000010111,-1.137
01110110010,10110010010,-1.335
11010110010,10110011101,-0.451
01110111110,10010011010,-1.735
01110010101,10110011010,-0.993
11010101011,00110010100,-1.354
11010101011,00010011100,-1.926
01100110101,11010011000,-2.376
01100111111,00011011010,-0.379
01000110100,11110011010,-2.324
01000110101,00010111100,-0.003
01000010100,11110111100,-2.173
01000110100,10110110011,0.001
01000111100,10111110011,-0.656
01000111100,10110101100,0.014
01000111100,11110101110,-1.148
11010011000,11011100000,0.394
11010011000,11000101100,-0.059
11001011111,00101101010,-0.002
11010011000,01001101010,-0.038
11001011111,00001101000,0.009
10011011000,00100001010,-1.619
10011011111,00000101000,-0.865
10111011000,01100111000,-0.025
11011011011,00101001010,-0.994
11000011011,00101001010,-1.023
11000010110,00101101000,-0.696
10000010111,01000011111,-1.366
10000010111,01001101010,-1.349
10000000011,01001101011,-1.644
11100001011,01001001011,0.512
11000001011,11001000011,-1.283
11000000011,11001000111,-1.529
11000000011,11001000111,-1.529
11101000011,11000000111,-4.141
10100110100,01011011111,-0.198
11101000111,01010100011,-0.9
11101000111,01010111110,-0.517
11101010111,01010011101,-0.606
01101010101,01010001001,-3.854
01101110110,00110001001,-1.835
01011010110,00011101000,-0.236
01011010111,00010000000,-0.757
00001010111,00010000000,-0.345
11100010100,01111001001,-20.878
10101010101,00010000000,-1.045
10100010110,01111001001,-0.046
10100110100,01110000010,-0.178
10101110100,00000011001,-0.411
11101010101,10110100010,0.126
01101010110,10110100010,-0.421
00111010110,10110100010,-0.3
11100111001,11110110001,-0.615
11101000110,00000110001,-0.887
11101001001,11110001111,-0.794
11101001001,11110001101,-0.825
11100100001,11110001101,-2.957
11100010100,00001101011,-0.893
10101110001,11110001100,-0.615
01100000000,11110001100,-0.835
01000000000,11001000111,-2.423
10001100000,11011000111,-0.075
10001010001,11011000111,-0.024
11010000000,11111000111,0.343
11010000000,11110011100,0.15
10000001011,11010010111,-1.825
10000011011,10000010111,-1.873
10000011000,11011011111,-0.712
10000001010,11011011110,-0.086
10000001010,11011111010,-1.457
10000001010,10011110111,-1.479
00000101010,10001001010,-0.093
00000011111,10111110111,0.461
00000011111,10111101111,0.559
11011101000,11000110100,-1.392
00000111111,10111001110,-0.039
10000101101,10111001010,-0.956
10000101101,00111001010,-24.515
11000101100,10100010110,0.313
11010101011,00101000010,-0.187
11000101001,00101000110,-0.649
10010101100,10010010010,-0.219
00010101011,10110010110,0.412
11010111100,10010000010,0.017
11011111100,10111000010,-0.002
10001111000,10111000111,-0.479
10001011000,10110010000,-1.207
11010101011,11010000110,-1.685
11010101011,10110010000,-0.992
11010011000,10010000111,-0.017
11010011011,10110010111,-1.008
11010010001,10111000001,0.012
11010010111,10111000001,0.012
11010010101,10111000001,0.012
11010011001,01110100001,0.043
11010011001,01010100100,0.314
11010001101,10111010011,0.11
11010001101,10011010101,-0.101
11000100111,01010110011,0.259
11011001111,00010110011,-0.315
11010100111,00010110011,-0.577
11010100111,00010110011,-0.577
11010100001,00010111010,-0.424
11010100001,00010101010,-1.116
11000100011,10010101010,-0.953
11000111001,01011000110,0.032
00010111001,00011001110,0.032
00010111001,10010111110,-0.145
00000111001,10011111110,-0.002
01001110001,10011111010,-0.886
11001111001,11011101110,0.181
11001111001,11010111010,-0.466
10000111111,10011001010,-0.86
10000111111,11000001111,-0.907
11000101101,11000000111,-1.208
11000101101,11000000111,-1.208
11000101100,11000000110,-1.329
01110101100,11000010010,-2.914
01110101100,10000010010,-1.213
00010100011,11110100110,-2.278
00010100011,11110101110,-2.933
01110111100,00000000010,-0.755
00110111100,00000000010,0.088
00110110011,01000000010,0.158
00110010000,00010000010,0.327
00110000000,11000100111,0.042
01110111010,10010100111,-2.504
01110101000,11010000010,-1.225
01110000010,10010100010,-1.006
00111000010,11010001110,-2.081
01111000010,11010001000,-1.375
01110111010,11110001000,-0.983
01111111110,11110100100,-1.556
01111101110,11110101001,-1.905
00110101111,11011100100,0.291
10110001111,11011100100,-0.187
11110011111,11011100000,0.125
01100011111,11110100000,-2.788
01100011111,01001000010,-0.296
01101110111,01001010010,-1.719
00001011111,01100100101,-30.619
00101110110,01001010100,-0.021
00001011011,01100100100,-2.289
00001011011,01100100100,-2.289
00101011000,01100100100,-0.135
00101011000,01110100000,-0.321
01101111101,01101011100,-0.581
01101011101,01111011100,-16.552
01100011010,11110111100,-7.434
01000010010,10110111100,-0.019
01001010010,11111001100,-0.311
01001010000,11111001100,-0.33
01001010010,11111001100,-0.311
11001010010,01111001100,-0.044
11001010010,01110011011,-0.092
11001010010,01110011010,-0.093
11000111100,10111010101,0.642
11000101100,10110111011,-0.04
01001011100,10111010000,-0.199
01000100100,10111010000,-0.084
11101100100,10111010000,-0.23
11001101100,10011011000,-0.079
10001101000,10011011000,-0.145
10001101000,10011011000,-0.145
10001100011,01111011100,-2.481
10001100010,01111011100,-2.434
10000101010,01111011100,-1.419
00010100010,00111111100,-0.161
11010100010,01111110111,-0.72
11010000011,00111101111,2.535
10010000011,00111110001,-0.323
01100101001,00111110000,-0.541
10110000010,00111101111,-0.413
11110000001,00111100000,-0.118
01110001001,00111101110,-0.711
01110100111,10110101000,-1.179
01111100101,10110101000,-2.004
10110001000,00111101000,-0.514
01101100100,10110101000,-0.549
01101100100,10101111000,-0.23
01100101100,10010001100,-0.295
01110001110,10010101100,-1.359
01110001100,00010111001,-0.898
01110100100,00101001000,-2.2
01100000100,00101001000,0.102
01101100100,00101101000,-7.683
01111100100,00100111011,-1.982
01111110100,00101110011,-1.822
11010110100,00101110011,-0.913
11010010000,10100111000,0.434
01000010100,10110101000,-0.066
11011111000,00001110010,-1.376
01010010111,10011100010,-0.285
01010010111,10100001100,-0.177
11011111000,00011000100,-0.038
11011110001,00100001100,-0.246
11011110001,00100001000,-0.206
01011011101,10100011010,-0.327
11011110000,00100011010,-0.408
01011110000,00001010000,-0.905
11011110000,00001010000,-7.379
11101011100,00001010000,-0.203
11101001100,00000011010,-1.15
01011101101,11101011000,-0.169
11101011101,11101011000,-1.133
00011101111,01101001000,-0.007
11110100111,01100110010,-0.482
10000011101,00011110010,-1.068
10000010101,00111110000,-0.162
10000011101,00110100010,-1.894
10000111101,00100101010,-0.935
10000111011,01111110000,-1.835
10000111010,01111110000,-1.816
10000111011,00100011010,-0.858
10000101011,00100011010,-0.954
00110101110,01111111010,-0.525
00110100111,01100011000,-60.115
00100100101,01111110111,-0.52
10100100101,01101110111,-0.11
10100100101,00101001000,-0.097
10111100101,00111001000,-0.238
10100000101,00101001000,0.114
10101010101,00110011100,0.525
10111100101,00101011100,-6.388
11001010101,00110001100,0.008
11001011101,01110101001,0.0
11000100000,00101001100,-0.822
11000111101,01100101000,-0.14
11000111101,01101011000,0.213
10100100011,00000101000,-0.086
10100100011,00010101010,-0.095
11010011111,00010101000,-1.367
11010001111,01001011001,-0.116
11101100111,01001011001,-1.196
11101100011,00110011001,0.065
11101010110,01001101001,-1.917
10000100111,01001001011,-1.207
10000100111,01000101111,-1.216
10001010011,01111001011,-1.531
10001100111,01111001011,-1.937
10001000011,01000100110,-0.901
11001000011,00011001010,-0.084
10011010111,01101011010,-0.336
10001000111,01100011010,-1.558
01011010111,01100010001,-1.427
10001110111,01100000000,-1.32
01001001111,01101111000,-0.686
10001001111,01101111010,-0.701
10001001101,11101111010,-0.022
01001110111,11101000100,-1.818
10100110111,10101100100,-0.264
01001110111,11101110110,-0.64
10000110111,11101111110,-0.507
00010110100,00111111000,-0.156
00010100111,11100111110,-0.12
10101100111,11100111110,0.036
00110010010,01111110111,-0.149
00110110010,01111110010,-0.52
00001001110,01111010010,-0.003
10110110010,00111011010,-0.438
00110110010,00110011010,-0.862
10111001100,10001000011,-0.375
10111001001,10001000001,-0.43
10111001001,10011001011,-0.672
10010010010,10111001011,-0.402
10010010010,10111001000,-0.392
10000010010,10011000011,-1.479
11000010010,10111001001,0.08
11000010010,10111101001,0.805
00111000010,10110101001,-0.256
00111001010,10110111001,-0.055
11000011000,11110111001,0.201
00100011000,11100111001,-1.636
00000011000,11101000101,-0.504
00100001001,11101000001,-1.572
00100001001,11101000000,-1.507
11101100110,11101010100,-0.819
01101011001,11001100001,-5.698
01101010001,10001100001,-0.559
00000100001,10001100110,-0.12
01101011010,01101100011,-0.395
01000100001,01101110011,-0.265
01000100001,10010000010,-0.026
01001011001,00010000011,-0.101
11001011011,01110000011,-0.015
11001011011,01010110011,-0.004
11001011011,01110000010,-0.015
11001011011,00110000010,-0.002
11001011011,00110000010,-0.002
01111001011,00110100010,-1.481
10000010011,00100100010,-1.21
10000010010,00110111010,-1.987
10000011101,00010100010,-64.949
10000110010,00110111010,-4.981
10000100010,00010100011,-5.362
10000100101,00110110010,-2.433
10000100101,01110110010,-1.142
00000100001,01110110010,0.208
10000100000,01110110010,-1.174
10001010110,01111100010,-2.194
10010100011,01110110010,-3.652
10010110100,01110110000,-8.565
11010110100,01111100000,-0.786
11011110001,01110110000,-1.125
11011110001,01110100000,-0.723
01011110000,01011111000,-2.848
01011110000,01110100010,-0.189
00011110101,01111110001,-2.287
00011110101,01111110000,-2.355
11010100000,01111110000,-0.592
00111110100,01011110000,-1.942
11011110100,01011110000,-1.134
11011110100,01011010000,-3.181
11010000000,11011010000,-2.458
10011110010,11011011100,-0.279
01110000100,11011110000,-0.709
10010000000,11011110000,-0.432
01110000110,01011001101,-0.141
01110000110,11011001100,-0.715
10110000010,11011001000,-0.808
10110000110,11011001101,-0.616
01110000011,10101101100,-0.568
01110000111,11111010000,-0.484
00110000111,11111010000,0.151
00110010111,11111010000,0.382
00010010111,11101011000,-0.209
00110000111,11101011000,-0.076
00110000011,00111001110,-0.172
00010000111,11101001001,-0.0
01010000110,11101101000,-0.465
00110110010,00110011010,-0.862
00110110110,11101101001,0.11
01011100010,01101111010,-0.296
00011100110,11011001001,-0.158
01110100110,11011001111,-0.92
01100100100,11011001111,-0.69
01100100100,01011001111,-15.455
01110100100,01011000100,-0.73
01111100100,01100011111,-1.991
01110100100,11000001100,-6.004
01110100011,01000101100,-1.409
01110110110,11001101110,-1.395
01110110110,11000111110,-1.711
01010100111,11000111110,-0.057
01010101111,11000111110,-0.092
01010101111,01000111110,-0.079
01110111000,01000111011,-4.544
01110111010,01010111000,-1.122
10000100111,11010111000,-16.028
00000100011,11010110000,-0.105
11110011001,11010100000,0.016
11110011000,11010100000,0.01
01010011000,01010000000,-0.227
01010011010,01001000001,-0.386
01010011010,01001000101,-0.365
11010011100,10110110010,-0.144
11110111110,01001000001,0.148
11110111110,11001000001,0.045
11110111100,11000000000,-0.135
11110111100,11110110011,-0.273
01110111100,10110110011,-1.396
01110110100,10010110001,-3.821
01010100100,01010110001,-0.086
01010100110,00000110011,-0.093
00010100100,11010010101,-12.123
01011100101,11010010111,0.793
00111000101,11010010111,-3.516
00111001100,00101010101,-0.488
00111001100,01110010111,-0.048
00111101110,10101010111,-4.455
00111101110,10101110101,-1.231
00111101110,01101110101,-0.041
00001000110,10101110101,-0.119
00111101100,10101110101,-1.283
00111100111,00100101001,-0.301
01111100100,10100110101,-1.965
01111101101,00100101101,-1.91
00111101101,00100101000,-0.347
01111101100,11000010101,-1.935
01111110101,00100110101,-1.733
01011001101,00100010101,-0.252
01011011101,00100010101,-0.278
01011011101,00100010100,-0.279
10001111101,10001001101,-0.063
10010000101,00100101101,-1.313
11001111101,00000010100,-0.017
00010010101,00000110100,-0.919
10010011101,01101100100,-0.462
10001110100,01100110101,-0.591
10011111011,00001110101,-0.065
10011100100,01101111101,-2.467
00000111011,00001111011,-0.009
01000111010,00001111011,-0.428
01011100100,01101110110,-0.298
01011110000,01101110110,-0.304
01011100000,01101110110,-0.294
01000100110,01101100100,-0.144
00011110100,01101000100,-0.016
00111110110,01101000100,-0.037
01010110110,10111100001,-0.156
00110110110,00101010100,-0.219
00110110110,00101010101,-0.226
00110110110,00101010101,-0.226
01010110110,00100010101,-0.151
01010111110,00100010100,-0.198
01010111011,00110010100,-0.04
00110011011,00110010100,-0.322
01110110110,10101101000,-1.31
01110110110,10101100000,-1.283
01110110110,10000011100,-1.228
00110110110,10000011101,-1.347
01110010111,10001110010,-0.819
00110111110,10011000010,-0.094
11110000111,01000111101,-0.223
00110001110,11001110010,-0.137
00110001100,11001100001,-0.077
11110111100,01000011110,0.087
00110001100,11001011100,-0.064
00110100000,01000011100,-0.083
00110100000,01000100001,-0.106
00110101100,11000011110,0.019
01010110000,01000101101,-0.071
10000101100,01000101111,-1.158
10000101101,01000111111,-1.149
10000101100,01000001011,-0.982
01100110011,11100001011,-0.323
10100100110,01001111111,-0.069
00100101110,01000101010,-0.338
00110110011,01111111111,-0.681
00100111110,01100101011,-0.142
00100101110,01110110110,-1.437
00100101110,01110011011,-4.417
00100101110,01110110100,-1.509
00110110001,01111110100,-0.522
00100101101,01111110110,-0.411
00100101100,01111110010,-0.465
00100110100,01110110010,-1.229
00100111010,01011010111,0.081
00100100010,01011110011,0.069
10100100000,01100110011,-0.071
11100111010,01011010110,-0.424
11100100000,01010100101,-3.009
11100101010,01010100100,-2.156
11101101010,01011010101,-0.021
11101111110,01011010100,0.031
11101111110,01011010100,0.031
00001101110,01011110100,-1.067
11101011100,00111110100,-0.132
00011111100,00111110110,0.025
00101001110,11000111110,-0.287
11011101000,00111100010,0.331
10101011110,01011100000,-1.019
11011000000,01100100000,-0.549
11011000010,01100110100,-0.194
01110100010,01010111000,-0.575
10100111110,00010111000,-3.065
01110100011,00010110000,-1.152
10100111000,00010110000,-0.553
10110101011,00101000000,0.95
10110111011,00111001000,-0.663
00110111010,00010110010,-0.668
00110111011,01010110000,0.583
00110011011,01000100010,-0.109
01110110011,00011101010,-0.921
01111011001,01100111010,-1.831
00111001001,01100111010,-0.165
00101101011,00011100011,-0.292
01101101011,00011100011,-0.528
01111110001,01100011001,-1.764
01110101001,00011100011,-0.954
01100111001,10011100011,-1.109
01110000001,01100011001,-0.745
01110001010,10001100011,-0.716
01110001001,01100111001,-0.857
01110001010,10010011001,-0.971
01110001010,10010011000,-0.959
01110001010,00010011000,-0.799
01110001010,00011110001,-0.534
01110011010,11010010100,-1.07
01110011001,00010010101,-0.98
01110011010,01011000101,-0.516
01110011010,01011000000,-0.463
01110011010,00110111101,-0.959
01111001000,01011000010,-1.444
00101001000,01011000010,0.097
01110001000,00100011101,1.245
11100001000,00100011101,-0.73
11100001000,10100011101,-10.433
11100101000,10100011011,-2.141
11100101000,01010011011,-3.08
11100001001,01101010101,-0.027
11100001110,10010001010,0.012
11100100001,01101011101,-0.108
11100100001,01100001101,-0.122
10100001110,00001010110,-0.092
01100000110,00001010111,-1.987
01100001000,11111001101,-5.598
10100100110,10011001111,-0.059
00100100110,10001010100,0.102
00100100110,11001010100,-0.813
11000001110,01101000100,-0.051
00101100100,11100000100,-0.328
11101100100,00101000100,0.643
11101100100,11101000100,-1.334
11101100100,11101010010,-0.935
01100100110,11101000110,-0.564
11110100110,11101111010,0.019
01101110100,01101010010,-0.605
01100110100,11101010010,-0.919
01100110100,11101011010,-1.064
01100100111,00111001010,-1.399
01110010100,11111001010,-0.662
10100000000,11111001010,-0.073
10100000010,11110111000,-0.117
11010010011,00111001000,-1.894
11110000010,10110111001,0.046
10110010110,00111001001,-1.305
10110010010,10111001001,-0.061
10110000100,10011001001,-0.078
10111000110,10011001001,-0.597
01111000110,10011001001,-0.857
01110000010,10011010110,-3.617
01110010010,01111101011,-1.691
11110010010,01111100110,0.003
11100010010,01110011110,-1.331
11110011010,01110011100,-0.023
11110011010,01110101000,-0.02
11010011011,00010001110,3.911
10101000111,00010000010,-0.582
10101011011,01110101000,-0.081
10101111010,01110101000,0.113
10101101010,01110000010,-0.15
10101110111,01110000010,-0.106
10111101010,01001110010,-4.371
10111000111,01001110010,-1.453
01111000111,01101110010,-3.493
10000110011,00101110010,-1.577
11101001010,11101110010,-1.37
11001110011,00011010010,-0.06
11001001010,11101110010,0.099
11101001000,10101110001,0.001
10011001000,00010110110,-0.127
10101110001,10100010110,-0.594
10101110001,10011110010,-0.239
11101100110,01001110010,-0.726
11101100010,01101110110,-2.22
10001011000,01100110111,-0.801
01001110011,01100111100,0.042
01000010011,01100111100,-0.038
00001111011,01110001111,-0.092
01010010011,01100110111,0.037
10001111101,01110110111,-1.829
00000010011,01100110111,0.112
10010010011,01100001101,-0.668
01001110011,01100001100,0.071
10010011000,01100111111,-0.343
11010011000,01001011100,-0.089
11010011000,11001111111,-0.731
10010011100,01100011100,-0.445
11001101011,01001110111,-0.056
11001111110,00100010000,0.137
01000001110,00100010100,-0.4
11000001110,00101111101,-0.588
11000011110,00101111101,-0.348
11000011110,00101100101,-0.567
01000011111,00101011011,-9.18
01000011101,00101011001,-6.604
01000011101,00101001111,-3.735
01110011010,10100111001,-0.513
11011101101,00101001100,-1.596
11010101101,00110111111,-48.792
00101011000,10101001100,-0.038
11000101100,11001001100,-0.352
11001001100,11001001100,-0.059
10001111000,11001001101,-3.84
11000001001,00111001101,0.019
11000001001,01111011101,-1.023
10010011010,10111110010,-0.758
11000011010,10110011100,-0.139
10000010011,10110011100,-3.176
11000011110,01111100010,-0.481
01000001110,01111011100,-6.692
01000001111,01111011110,-8.438
10010100010,10001101100,-0.327
10010100010,10001101100,-0.327
01000100011,01111001100,-9.674
11000100010,01111011100,-0.47
11000100010,01111010001,-0.574
11010100010,01111010100,-0.343
11010100010,01111010001,-0.317
11011100010,01111000001,-1.251
11001000011,01111100001,-0.089
10011100110,10001111001,-0.238
10011100110,00000011001,-0.875
10011100110,01100100001,-0.02
10011110111,10101011001,-0.094
10011110111,10001010001,-0.284
10001100111,10001010001,-0.062
10001100111,10001010111,-0.168
10101100111,01001010111,0.03
10111000111,10100001001,-5.511
10111010101,10100001001,-27.833
10111010100,01001011001,-0.882
10101100110,10000000111,0.863
10101110100,10101011001,-3.051
01011010100,10101011001,-0.555
11011100101,10001000110,0.637
11011100110,10101000110,-5.539
10011110110,10111000111,-0.224
10010010110,10101000111,-1.9
10010010110,00001010001,-2.6
10010101101,00100100110,-1.941
00101010110,00001100110,-0.042
10101010110,10001101110,-0.436
00011011110,10000101111,-0.759
10100011110,10000101110,-0.116
10100011110,10000000111,-0.103
10101011101,01101101111,-0.189
00011011101,10100000111,-4.565
10011101010,10100000111,-0.719
10011111100,11011101111,-0.202
10101010000,10100001111,-0.174
10001010000,10110001110,-1.389
10101010000,11110011110,-0.316
10001011110,10010110101,-0.589
11101010100,11110001010,-0.618
11101010100,11110000010,-0.716
10101010100,11110001011,-0.245
11001010100,10110101011,-0.061
11001010100,10110100000,-0.065
11001010100,10110101000,-0.063
01100010100,10011101011,-0.614
00100010001,11100100000,-0.46
00100001000,10011101011,-13.003
11101010011,11101011011,-1.666
11101010011,01001011011,-6.237
10100101110,10000100011,0.006
10100111001,01001111001,-0.01
10000010001,01001111001,-1.394
10000010001,01001110111,-1.4
10001011110,11001111001,-9.124
10000011110,11001111101,-1.762
10000010101,01001111100,-1.318
10000010101,01001111101,-1.315
10000011110,10001111101,-1.104
00000110101,01001111101,-0.024
00000110101,00001111101,0.026
00000110101,01101111001,0.045
00000010100,10001111110,-0.054
00000010100,11001101110,0.072
00000011100,11110010110,-0.09
00000011100,01001101111,-0.312
00000001100,11110010010,-0.24
00010001000,11110110010,-1.214
10110011000,11110110111,-13.043
00110001100,01100100110,0.681
10111011000,11100100110,-0.362
10111011000,11100100110,-0.362
01111011100,01110100100,-1.904
01111011001,10110100100,-1.844
10111011001,00110000100,-2.146
00110011101,00110000100,-0.263
10011011001,00010000100,-0.177
10011011001,00000000110,-1.914
10110011010,01010010011,-1.231
00001011010,01010000110,0.021
00001011010,01110010001,-0.125
00001011110,01110010001,-0.127
11001111000,10010000110,-0.011
01011111000,11110000110,-0.618
00011001000,11110000110,-3.039
00011111100,00110110110,-0.435
11011001001,00100110110,-0.368
11011001001,00100000011,0.014
11011111001,00100110010,-1.02
01011011001,00100110000,-0.217
01011011001,10000001111,0.28
00011111111,00000110001,2.775
11000011011,10010001110,-0.093
00011110111,00000001110,-7.697
11100110111,00000000000,-16.778
01100110111,00000000000,-1.188
01100110101,01100101110,-0.185
01100100111,00110100110,-5.953
10111110101,01101000100,-0.041
01101001001,01101000100,-0.41
00111100100,01111100110,-1.797
01101100100,00110100100,-1.496
01111000001,01111100100,-1.555
00111100101,01111100000,-1.597
01111100001,10101000110,-1.92
10111100011,01111100000,-3.289
01111100000,11101001010,-1.817
01111100011,11101001010,-1.901
01111000100,01111100100,-1.571
01100100011,10111011110,-0.31
01100100011,10111101010,-0.273
01100100011,10111001100,-0.317
01100100010,00011001101,-0.233
01100100100,00111110000,-0.547
01110011101,10001000000,-0.906
11111000100,00111111101,-0.328
10101000100,00111111111,-0.424
10101000100,00111110110,-1.301
10100001100,00111100110,-0.23
11101001101,10100100111,-0.549
10100101100,00100000101,-0.15
10100100110,10101100001,-0.109
10100101110,10100100001,-0.091
10100101110,00101100001,-0.086
10100101111,00100100001,-0.15
00100101111,00000100001,0.826
00111001110,10000100001,-6.761
01111001110,10000101000,-1.49
11111001111,10001010000,-7.873
11110001111,10001101000,-0.056
10100110111,10011101000,-0.004
11110011111,10111101000,-0.063
10000110101,10011011000,-0.929
11110011101,10011011000,0.038
11100011101,10111011000,-0.159
11110110111,10100101000,-0.129
11000111101,01110011000,-0.441
01010111100,10110101011,-0.568
01010111100,11110101100,-0.153
01010111100,11110101000,-0.147
01110111100,01110001000,-2.729
01110011100,00110001110,-1.314
11110110100,01110001100,-0.127
10110011110,01010001100,-1.149
10110110110,01010011010,-3.282
10110110110,01010001010,-1.947
10110011100,01010101010,-2.302
11110110111,00100001101,-0.14
11110110111,00100001111,-0.139
01110111100,00010110011,-1.458
11110110110,00010110011,-2.647
01111111101,00010110011,-1.158
01101111101,00010110001,-0.74
01101111100,10010110001,-1.195
01011111000,10010010001,-0.116
01010111000,00110110101,-0.022
11010101000,00110110101,-3.364
11011101010,01110011101,-0.57
11011101000,10010011101,0.014
10101011010,01110111000,-0.013
00101011010,11110111000,-0.022
01101001010,10110111101,-0.419
01101001010,10110111101,-0.419
01101001010,10010111101,-0.745
01101011010,10011111001,-3.888
01101010010,00010111000,-0.383
01101011010,10010111000,-0.867
10101011000,10010111101,0.088
01100011000,10010111101,-0.278
01101011000,10110111001,-0.487
01101011000,00010111001,-0.435
01101011001,00010110001,-0.401
01111011001,00010110001,-1.849
01111010001,00010110011,-1.74
00111011001,11000110011,-0.542
00001111001,00011110011,-0.127
00001101001,00011110101,-0.139
10001101101,00011101101,-0.536
10001001001,10011111101,-0.249
00001001001,10011110011,0.045
00001001000,10011111100,0.032
00000001001,10011111100,-0.51
10000001001,11011111100,-1.488
00111111001,11011110100,0.001
10100001010,01010110100,-0.156
00100011010,01011110100,0.116
00100010001,10111011011,0.265
10110010001,00111011011,-0.743
10101100010,00111011011,-3.064
11101100010,00111111011,-0.118
01100000010,00111111010,-0.443
11100000010,00101111010,6.614
01101101011,00101110010,-3.609
01101111111,00101101001,-2.676
01011111010,00111110010,-0.617
11010110110,00101111001,-1.093
00001011010,00011110010,-0.127
11010011011,00010110010,-0.789
10010011011,00010110010,-0.392
10011110100,10011110010,-0.684
10011110100,10011110010,-0.684
00000111011,00101111010,0.001
10101110110,10011011001,-0.097
00101110110,10011011011,-0.018
01101100111,10001011001,-0.627
01101100111,10000011001,-1.434
00101111010,11011011011,-0.081
11101100111,11011011011,-0.139
11001111010,10010111001,-0.139
11000111011,11011011001,0.13
10100111011,10010111001,0.058
00101100011,10110101001,-0.093
10000011010,10011001101,-1.352
10101110011,00100001101,-0.122
00000011011,10100011101,-0.112
00000011011,10100010101,-0.139
10100011011,10100000101,-0.121
10100011011,01101101101,-0.008
01010111011,10101101001,-0.212
00010011011,01001010111,-0.058
10101111111,00111101101,-0.471
00101111111,00111001101,-0.116
10000011011,11001001100,-1.398
00000011111,01001001100,-0.431
10000111111,01001001111,-0.889
10010101011,10001011111,-0.29
10010101011,01011111111,-0.545
10010101011,10010001100,-0.259
00000011111,00110101100,-0.068
00000010110,00110101000,-0.051
00000110110,01001111111,-0.017
01000110010,10110101010,-0.002
00100110000,10100111101,0.259
00100110000,10110111000,-0.051
00100111010,01000111011,-1.438
01000111010,00010111011,0.007
01100110000,00110101000,-3.541
01110110011,00110101001,-1.199
01110111101,00010101001,-1.476
01110101011,00010101001,-1.247
01110101101,00111111001,-1.01
01110111011,00010001101,-1.418
00010101111,00000001101,-0.745
10010101111,00100101101,-2.627
01100011000,00011101101,-0.312
01100011000,10100101011,-2.198
00010011100,10100101011,-1.528
01100111100,11100101011,-0.535
01110011111,01100001011,-1.064
10000011111,01100110001,-1.624
10000011111,01100110011,-1.562
01111011111,00011010000,-1.901
01111011011,10001010011,-1.705
10111011011,10000110010,-0.452
01110011000,01100100011,-1.025
01110011110,01110100110,-4.061
10011011011,00001110011,-0.255
10011011110,01110000010,-2.681
10011111010,01111110010,-0.011
11101011011,10000010110,0.068
10101011011,10000000011,0.527
00001011000,01111110111,0.145
01101011000,00111110111,-0.515
00000111000,10110000110,0.012
10000111000,10110000111,-2.495
10000111000,10111011101,-0.808
10000011000,10111011111,-1.121
11100010001,10111011110,-0.179
11010011001,01000101110,-0.133
11100010001,01010101110,-4.015
11100010001,01111000101,-7.979
11100010101,11111000101,-0.94
11100010101,11111000101,-0.94
11100110101,11111001011,-0.346
10000110001,10110100110,-1.304
11000010001,00110100110,-0.161
10100011100,11011100010,-0.141
11000010001,00110100000,-0.206
11000010101,11011100000,0.106
11000011111,00110001100,-0.224
11000011111,00110001100,-0.224
11000011101,00110001110,-0.229
10000011101,00101100111,-1.414
00101111101,11010101110,-0.086
00101111101,10001010110,-0.111
00001111101,10001010111,-1.279
00001111101,11110100100,-0.651
00101011101,11000010111,-0.23
00001010101,11000010111,-0.093
00001011101,11000110111,-0.006
00001011101,11000110111,-0.006
00100110111,00110100110,-0.054
00100110111,00110100110,-0.054
00100110111,00110100010,-0.076
00001000101,00110100110,0.071
00001110110,00000110110,-0.364
00011110101,00111001100,-0.246
01011111001,00111001110,-5.209
01111111010,11101111100,-1.718
01110010111,01111110100,-1.5
01110111010,00111110100,-1.151
01110111010,00111010100,-1.147
01110110000,01101000111,-1.195
01100110010,00111110101,-0.485
01000110110,00111110101,-0.051
11101110110,00111110101,-0.127
00100101110,00101010101,-0.962
11100001110,00101010111,-11.596
11100001110,00100000110,-0.362
11100001111,11100000110,0.043
11100001111,11100000110,0.043
11000000110,10111000101,0.033
11100000110,10111000101,-0.011
11100100110,10111000101,-0.029
00100010110,00111000101,-0.07
00100100010,11010000101,-0.293
10100100110,11010010100,-0.063
01100111010,01110010000,0.003
01101010010,11011000101,-0.698
10100001101,11001100101,-0.083
10100001101,11001100101,-0.083
10101010101,11101100101,-0.059
10100010101,01001100101,-0.214
10100101110,00010110011,-0.248
10001001110,00010110011,-1.115
00001001110,00010111011,-0.777
10100000101,00001101011,-0.066
10100000001,00001011011,-0.122
10100000011,00001011111,-0.102
01001000010,00001011111,-0.726
11100001010,00001011111,-1.529
01110001010,00001010011,-0.158
11101011010,00001010011,-0.201
00110100010,10001010011,-5.707
11101011010,10000010011,0.091
01110000011,00010001110,-0.649
01010011010,10001010001,-0.184
01100000000,10001110001,-0.405
11110011010,10010001001,0.018
01000000000,10101111110,-0.657
01000011011,10101110110,-0.505
11100111011,10101110111,-0.035
11010001000,10110110001,-0.2
01100111000,10100110001,-24.147
11001000010,10100110011,0.019
11001000110,10100110010,0.009
11001000100,10111100010,-0.788
01001000100,10011111101,-5.76
01001000001,10100100010,-1.728
01001001100,10011101111,-8.967
01100110001,10011111100,-1.53
10000110010,00110111010,-64.949
